form	lemma	POS	morph
བསྡུ་	བསྡུ་	VERB
སྒྲིག་	སྒྲིག་	VERB
གསལ་	གསལ་	VERB
བཤད་	བཤད་	VERB
"།

༄༅། །"		PUNCT
དུས་	དུས་	NOUN
ཀྱི་	གི་	PART
འཕོ་འགྱུར་	འཕོ་འགྱུར་	NOUN
དང་	དང་	NO_POS
གང་ཟག་	གང་ཟག་	NOUN
གི་	གི་	PART
རྐྱེན་	རྐྱེན་	NOUN
སྣ་ཚོགས་	སྣ་ཚོགས་	DET
ལ་	ལ་	PART
བརྟེན་	བརྟེན་	VERB
ན་	ནས་	PART
གངས་ཅན་	གངས་ཅན་	ADJ
མཁས་གྲུབ་	མཁས་གྲུབ་	NOUN
རིམ་བྱོན་	རིམ་བྱོན་	OTHER
རྣམས་	རྣམས་	DET
ཀྱིས་	གིས་	PART
ངལ་བ་	ངལ་བ་	VERB
ཁྱད་	ཁྱད་	NOUN
དུ་	ལ་	PART
བསད་	བསད་	NO_POS
ན་	ནས་	PART
བསྒྲུབས་པ་	བསྒྲུབས་པ་	VERB
འི་	གི་	PART
ཐུགས་	ཐུགས་	NOUN
ཀྱི་	གི་	PART
ཉིང་ཁུ་	ཉིང་ཁུ་	NOUN
ལྟ་བུ་	ལྟ་བུ་	NOUN
འི་	གི་	PART
གསུང་འབུམ་	གསུང་འབུམ་	NOUN
ཆེ་	ཆེ་	VERB
མང་པོ་	མང་པོ་	ADJ
ཞིག་	ཅིག་	PART
གི་	གི་	PART
དཔེ་	དཔེ་	NOUN
རྒྱུན་	རྒྱུན་	NOUN
སྟོང་	སྟོང་	NUM
ལ་ཉེ་བ་	ལ་ཉེ་བ་	NO_POS
དང་	དང་	NO_POS
།		PUNCT
ལྷག་པ་		
གུང་རུ་	གུང་རུ་	OTHER
རྒྱལ་མཚན་	རྒྱལ་མཚན་	NOUN
བཟང་པོ་	བཟང་པོ་	ADJ
འི་	གི་	PART
གསུང་	གསུང་	VERB
ནི་	ནི་	NO_POS
སྐབས་	སྐབས་	NOUN
དེ་	སྟེ་	PART
ཤེད་	ཤེད་	NOUN
དུ་	ལ་	PART
ཁོང་	ཁོང་	PRON
གི་	གི་	PART
ལྟ་བ་	ལྟ་བ་	VERB
འི་	གི་	PART
འཁྱེར་སོ་	འཁྱེར་སོ་	NO_POS
རྗེ་	རྗེ་	NO_POS
ཙོང་	ཙོང་	OTHER
ཁ་པ་	ཁ་པ་	OTHER
ཆེན་པོ་	ཆེན་པོ་	ADJ
དང་	དང་	NO_POS
ཅུང་ཟད་	ཅུང་ཟད་	ADV
མི་མཐུན་པ་	མི་མཐུན་པ་	NO_POS
ལྟ་བུ་	ལྟ་བུ་	NOUN
འི་	གི་	PART
ཐུགས་	ཐུགས་	NOUN
སྣང་	སྣང་	VERB
དང་	དང་	NO_POS
གླེང་	གླེང་	NO_POS
ཕྱོགས་	ཕྱོགས་	NOUN
ལ་	ལ་	PART
བརྟེན་	བརྟེན་	VERB
དར་རྒྱས་	དར་རྒྱས་	NOUN
དེ་ཙམ་	དེ་ཙམ་	NO_POS
བྱུང་	བྱུང་	VERB
ཡོད་	ཡོད་	VERB
བཟོ་	བཟོ་	NO_POS
མ་	མ་	PART
མཆིས་	མཆིས་	VERB
ཀྱང་	ཀྱང་	PART
༑		PUNCT
ཕྱི་	ཕྱི་	VERB
གུང་རུ་	གུང་རུ་	OTHER
འི་	གི་	PART
གསུང་འབུམ་	གསུང་འབུམ་	NOUN
ཆ་	ཆ་	NOUN
ཚང་བ་	ཚང་བ་	VERB
ཞིག་	ཅིག་	PART
ཤིང་པར་	ཤིང་པར་	OTHER
དུ་	ལ་	PART
བརྐོས་	བརྐོས་	NO_POS
ན་	ནས་	PART
སེ་	སེ་	NO_POS
ར་	ལ་	PART
སྨད་	སྨད་	NOUN
གྲྭ་	གྲྭ་	NOUN
ཚང་	ཚང་	VERB
གི་	གི་	PART
རྐང་	རྐང་	NOUN
འཛིན་ཡིག་	འཛིན་ཡིག་	NO_POS
ཆ་	ཆ་	NOUN
ར་	ལ་	PART
གྱུར་	གྱུར་	VERB
སྟེ་	སྟེ་	PART
འཆད་ཉན་	འཆད་ཉན་	NOUN
གྱིས་	གིས་	PART
ད་	ད་	NOUN
སྤེལ་	སྤེལ་	VERB
ཅུང་ཟད་	ཅུང་ཟད་	ADV
བྱུང་	བྱུང་	VERB
ཡོད་	ཡོད་	VERB
།		PUNCT
འོན་ཀྱང་	འོན་ཀྱང་	NO_POS
སྔ་	སྔ་	NOUN
གྱི་	གི་	PART
དབུ་མ་	དབུ་མ་	PROPN
འི་	གི་	PART
ལྟ་བ་	ལྟ་བ་	VERB
འི་	གི་	PART
ཐད་	ཐད་	NOUN
ཀྱི་	གི་	PART
གླེང་	གླེང་	NO_POS
གཞི་	གཞི་	NOUN
འི་	གི་	PART
ཐོག་	ཐོག་	NOUN
ཕྱོགས་ཕྱོགས་	ཕྱོགས་ཕྱོགས་	NO_POS
ཀྱི་	གི་	PART
མཁས་པ་	མཁས་པ་	VERB
དག་	དག་	DET
གིས་	གིས་	PART
གུང་རུ་	གུང་རུ་	OTHER
འི་	གི་	PART
ཡིག་ཆ་	ཡིག་ཆ་	NOUN
འདི་བཞིན་	འདི་བཞིན་	NO_POS
དར་རྒྱས་	དར་རྒྱས་	NOUN
ཆེ་	ཆེ་	VERB
ར་	ལ་	PART
སོང་	སོང་	VERB
ཚེ་	ཚེ་	NOUN
རྗེ་	རྗེ་	NO_POS
ཙོང་	ཙོང་	OTHER
ཁ་པ་	ཁ་པ་	OTHER
འི་	གི་	PART
བཞེད་	བཞེད་	VERB
གཞུང་	གཞུང་	NOUN
ལ་	ལ་	PART
ལྷད་	ལྷད་	NO_POS
སྐྱོན་	སྐྱོན་	NOUN
ཞུགས་པ་	ཞུགས་པ་	VERB
ར་	ལ་	PART
དོགས་པ་	དོགས་པ་	VERB
སོགས་	སོགས་	DET
ཀྱིས་	གིས་	PART
དགག་བྱ་	དགག་བྱ་	VERB
རྒྱུན་མཐུད་	རྒྱུན་མཐུད་	NO_POS
བྱུང་བ་	བྱུང་བ་	VERB
སོགས་	སོགས་	DET
ལ་	ལ་	PART
བརྟེན་	བརྟེན་	VERB
།		PUNCT
དམ་པ་	དམ་པ་	VERB
དེ་ཉིད་	དེ་ཉིད་	NOUN
ཀྱི་	གི་	PART
གསུང་	གསུང་	VERB
ཡིག་ཆ་	ཡིག་ཆ་	NOUN
འི་	གི་	PART
མཐིལ་	མཐིལ་	NOUN
དུ་	ལ་	PART
འཛིན་པ་	འཛིན་པ་	VERB
འི་	གི་	PART
སེ་	སེ་	NO_POS
ར་	ལ་	PART
སྨད་	སྨད་	NOUN
གྲྭ་	གྲྭ་	NOUN
ཚང་	ཚང་	VERB
དུ་	ལ་	PART
ཡང་	ཀྱང་	PART
སྔ་	སྔ་	NOUN
ཡོད་	ཡོད་	VERB
ཡིག་ཆ་	ཡིག་ཆ་	NOUN
ན་	ནས་	PART
།		PUNCT
ཕྱི་	ཕྱི་	VERB
མཁས་གྲུབ་	མཁས་གྲུབ་	NOUN
བསྟན་	བསྟན་	VERB
དར་བ་	དར་བ་	VERB
འི་	གི་	PART
ཡིག་ཆ་	ཡིག་ཆ་	NOUN
ར་	ལ་	PART
ཁ་	ཁ་	PRON
བསྒྱུར་	བསྒྱུར་	VERB
མཛད་	མཛད་	VERB
དེ་	སྟེ་	PART
རིམ་བཞིན་	རིམ་བཞིན་	NO_POS
།		PUNCT
དམ་པ་	དམ་པ་	VERB
འདི་ཉིད་	འདི་ཉིད་	OTHER
ཀྱི་	གི་	PART
གསུང་	གསུང་	VERB
ལ་	ལ་	PART
འཆད་ཉན་	འཆད་ཉན་	NOUN
ལྟ་ཞོག་	ལྟ་ཞོག་	NO_POS
མིག་	མིག་	NOUN
གི་	གི་	PART
ལྟ་བ་	ལྟ་བ་	VERB
ཙམ་	ཙམ་	DET
ཡང་	ཀྱང་	PART
མི་	མི་	PART
རུང་བ་	རུང་བ་	VERB
འི་	གི་	PART
ཚོད་	ཚོད་	NOUN
དུ་	ལ་	PART
བྱེད་	བྱེད་	VERB
མོད་	མོད་	VERB
།		PUNCT
བློ་གྲོས་	བློ་གྲོས་	NOUN
ཅན་	ཅན་	PART
གྱི་	གི་	PART
མཐོང་	མཐོང་	VERB
ན་	ལ་	PART
མཁས་པ་	མཁས་པ་	VERB
མགུ་བ་	མགུ་བ་	VERB
འི་	གི་	PART
ལེགས་བཤད་	ལེགས་བཤད་	NOUN
མང་	མང་	VERB
དུ་ཡོད་	དུ་ཡོད་	NO_POS
ཀྱང་	ཀྱང་	PART
རྒྱ་ཁྱབ་	རྒྱ་ཁྱབ་	NO_POS
ཏུ་	ལ་	PART
བྱེད་	བྱེད་	VERB
མཁན་	མཁན་	PROPN
མ་བྱུང་བ་	མ་བྱུང་བ་	NO_POS
འི་	གི་	PART
ཁ་	ཁ་	PRON
ར་	ལ་	PART
།		PUNCT
སྔ་	སྔ་	NOUN
ཡོད་པ་	ཡོད་པ་	VERB
ར་	ལ་	PART
ཤིང་	ཅིང་	PART
རྣམས་	རྣམས་	DET
ཀྱང་	ཀྱང་	PART
མེ་ལྷ་	མེ་ལྷ་	NO_POS
འི་	གི་	PART
ཞལ་	ཞལ་	NOUN
དུ་	ལ་	PART
ཕངས་མེད་	ཕངས་མེད་	ADJ
དུ་	ལ་	PART
བཏབས་		NON_WORD
ཡོད་	ཡོད་	VERB
ཚུལ་	ཚུལ་	NOUN
སོགས་	སོགས་	DET
གང་	གང་	NO_POS
གི་	གི་	PART
གསུང་	གསུང་	VERB
གི་	གི་	PART
འཕྲིན་ལས་	འཕྲིན་ལས་	NOUN
རྟ་	རྟ་	NOUN
བདུན་	བདུན་	NUM
དབང་པོ་	དབང་པོ་	NOUN
ར་	ལ་	PART
བར་ཆད་	བར་ཆད་	NOUN
ཆུ་འཛིན་	ཆུ་འཛིན་	NOUN
གྱི་	གི་	PART
གསེབ་	གསེབ་	NOUN
ཏུ་	ལ་	PART
ནུབ་པ་	ནུབ་པ་	VERB
ལ་	ལ་	ADP
ས་	གིས་	PART
།		PUNCT
ད་	ད་	ADV
ཆ་	ཆ་	NOUN
དཔེ་	དཔེ་	NOUN
རྒྱུན་	རྒྱུན་	NOUN
ཤིན་ཏུ་	ཤིན་ཏུ་	NO_POS
དཀོན་པ་	དཀོན་པ་	NO_POS
འི་	གི་	PART
ཁ་	ཁ་	PRON
ར་	ལ་	PART
ཆོས་ཚན་	ཆོས་ཚན་	OTHER
རེ་ཟུང་	རེ་ཟུང་	NO_POS
བཞུགས་པ་	བཞུགས་པ་	VERB
འང་	ཀྱང་	PART
མདོ་	མདོ་	NOUN
དབུ་	དབུ་	NOUN
ཁམས་	ཁམས་	NOUN
གསུམ་	གསུམ་	NUM
དུ་	ལ་	PART
ཁ་	ཁ་	PRON
འཐོར་ནས་	འཐོར་ནས་	NO_POS
ཡོད་པ་	ཡོད་པ་	VERB
དང་	དང་	NO_POS
།		PUNCT
འགའ་ཞིག་	འགའ་ཞིག་	OTHER
ནི་	ནི་	NO_POS
ཕྱི་རྒྱལ་	ཕྱི་རྒྱལ་	OTHER
གྱི་	གི་	PART
དཔེ་མཛོད་	དཔེ་མཛོད་	OTHER
ཁང་	ཁང་	NOUN
རེ་འག་	རེ་འགའ་	NO_POS
ར་	ལ་	PART
ཡོད་	ཡོད་	VERB
ཚུལ་	ཚུལ་	NOUN
ཐོས་པ་	ཐོས་པ་	VERB
ལ་	ལ་	ADP
ས་	གིས་	PART
གསུང་འབུམ་	གསུང་འབུམ་	NOUN
ཆ་	ཆ་	NOUN
ཚང་བ་	ཚང་བ་	VERB
ཞིག་	ཅིག་	PART
ད་བར་	ད་བར་	NO_POS
བཙལ་	བཙལ་	NO_POS
རྙེད་	རྙེད་	VERB
ཐུབ་	ཐུབ་	VERB
མེད་	མེད་	VERB
།		PUNCT
ད་ལྟ་	ད་ལྟ་	OTHER
དངོ་	དངོ་	NOUN
སུ་	ལ་	PART
བཙལ་	བཙལ་	NO_POS
རྙེད་	རྙེད་	VERB
ཐུབ་པ་	ཐུབ་པ་	VERB
འི་	གི་	PART
དམ་པ་	དམ་པ་	VERB
གང་	གང་	NO_POS
གི་	གི་	PART
གསུང་འབུམ་	གསུང་འབུམ་	NOUN
གྱི་	གི་	PART
གྲ་	གྲ་	OTHER
ལ་	ལ་	ADP
ས་	གིས་	PART
།		PUNCT
པ་	པ་	OTHER
ར་	ལ་	PART
བསྐྲུན་	བསྐྲུན་	NO_POS
ཞུ་	ཞུ་	VERB
རྒྱུ་	རྒྱུ་	NOUN
གཤམ་	གཤམ་	OTHER
གསལ་	གསལ་	VERB
		
ཤེར་ཕྱིན་	ཤེར་ཕྱིན་	PROPN
མངོན་རྟོགས་	མངོན་རྟོགས་	NOUN
རྒྱན་	རྒྱན་	NOUN
གྱི་	གི་	PART
འགྲེལ་པ་	འགྲེལ་པ་	NOUN
བྱམས་པ་	བྱམས་པ་	PROPN
འི་	གི་	PART
དགོངས་	དགོངས་	VERB
རྒྱན་	རྒྱན་	NOUN
		
དང་	དང་	NO_POS
།		PUNCT
		
དབུ་མ་	དབུ་མ་	PROPN
བཞི་བརྒྱ་པ་	བཞི་བརྒྱ་པ་	PROPN
འི་	གི་	PART
འགྲེལ་པ་	འགྲེལ་པ་	NOUN
།		PUNCT
		
ཤེར་ཕྱིན་	ཤེར་ཕྱིན་	PROPN
མཁས་པ་	མཁས་པ་	VERB
འི་	གི་	PART
ཡིད་འཕྲོག་	ཡིད་འཕྲོག་	ADJ
		
དབུ་མ་	དབུ་མ་	PROPN
འཇུག་པ་	འཇུག་པ་	VERB
འི་	གི་	PART
རྣམ་བཤད་	རྣམ་བཤད་	NOUN
རྟེན་འབྱུང་	རྟེན་འབྱུང་	OTHER
གི་	གི་	PART
དེ་ཉིད་	དེ་ཉིད་	NOUN
གསལ་བྱེད་	གསལ་བྱེད་	NOUN
།		PUNCT
		
རྩ་བ་	རྩ་བ་	NOUN
ཤེས་རབ་	ཤེས་རབ་	NOUN
ཀྱི་	གི་	PART
འགྲེལ་པ་	འགྲེལ་པ་	NOUN
།		PUNCT
		
སྟོང་ཐུན་	སྟོང་ཐུན་	OTHER
བསྡུས་པ་	བསྡུས་པ་	VERB
		
ལེགས་བཤད་	ལེགས་བཤད་	NOUN
བླ་མ་	བླ་མ་	NOUN
འི་	གི་	PART
མན་ངག་	མན་ངག་	NOUN
བདུད་རྩི་	བདུད་རྩི་	NOUN
འི་	གི་	PART
ཆུ་རྒྱུན་	ཆུ་རྒྱུན་	NOUN
		
ཞེས་་	ཞེས་པ་	PART
སྟོང་ཐུན་	སྟོང་ཐུན་	OTHER
འབྲིང་པོ་	འབྲིང་པོ་	ADJ
བཅའ་	བཅའ་	VERB
ཆོས་ཚན་	ཆོས་ཚན་	OTHER
ཁག་	ཁག་	NOUN
བདུན་	བདུན་	NUM
ཡོད་པ་	ཡོད་པ་	VERB
རྣམས་	རྣམས་	DET
ལ་	ལ་	ADP
ས་	གིས་	PART
།		PUNCT
ཤེར་ཕྱིན་	ཤེར་ཕྱིན་	PROPN
མངོན་རྟོགས་	མངོན་རྟོགས་	NOUN
རྒྱན་	རྒྱན་	NOUN
གྱི་	གི་	PART
འགྲེལ་པ་	འགྲེལ་པ་	NOUN
བྱམས་པ་	བྱམས་པ་	PROPN
འི་	གི་	PART
དགོངས་	དགོངས་	VERB
རྒྱན་	རྒྱན་	NOUN
འདི་ཉིད་	འདི་ཉིད་	OTHER
ནི་	ནི་	NO_POS
ཤེར་ཕྱིན་	ཤེར་ཕྱིན་	PROPN
མངོན་རྟོགས་	མངོན་རྟོགས་	NOUN
རྒྱན་	རྒྱན་	NOUN
གྱི་	གི་	PART
འགྲེལ་པ་	འགྲེལ་པ་	NOUN
དུ་མ་	དུ་མ་	ADJ
ཡོད་པ་	ཡོད་པ་	VERB
རྣམས་	རྣམས་	DET
ཀྱི་	གི་	PART
ནང་	ནང་	NOUN
ན་	ནས་	PART
རྒྱ་	རྒྱ་	VERB
འབྲིང་	འབྲིང་	NOUN
བསྡུ་	བསྡུ་	VERB
གསུམ་	གསུམ་	NUM
གྱི་	གི་	PART
རྒྱན་	རྒྱན་	NOUN
དུ་	ལ་	PART
སྦྱར་	སྦྱར་	VERB
ཞིང་	ཅིང་	PART
།		PUNCT
བསྟན་བཅོས་	བསྟན་བཅོས་	NOUN
ཀྱི་	གི་	PART
འགྲེལ་	འགྲེལ་	NOUN
གཙོ་བོ་	གཙོ་བོ་	ADJ
ར་	ལ་	PART
བྱ་	བྱ་	VERB
ན་	ནས་	PART
ཚིག་དོན་	ཚིག་དོན་	NOUN
བདེ་བླག་	བདེ་བླག་	ADJ
ཏུ་	ལ་	PART
རྟོགས་པ་	རྟོགས་པ་	VERB
འི་	གི་	PART
ཐབས་	ཐབས་	NOUN
འགྲེལ་པ་	འགྲེལ་པ་	NOUN
དོན་	དོན་	NOUN
གསལ་	གསལ་	VERB
ལ་	ལ་	PART
བརྟེན་	བརྟེན་	VERB
ན་	ནས་	PART
འཆད་པ་	འཆད་པ་	VERB
དང་	དང་	NO_POS
།		PUNCT
གཞུང་	གཞུང་	NOUN
གི་	གི་	PART
སྤྱི་ཁོག་	སྤྱི་ཁོག་	OTHER
ཡངས་	ཡངས་	VERB
ཤིང་	ཅིང་	PART
ཚིག་	ཚིག་	NOUN
ཉོག་	ཉོག་	NO_POS
གིས་	གིས་	PART
ལོ་མ་	ལོ་མ་	NOUN
ས་	གིས་	PART
མ་	མ་	PART
བསྒྲིབས་པ་	བསྒྲིབས་པ་	VERB
ར་	ལ་	PART
དབང་པོ་	དབང་པོ་	NOUN
རབ་	རབ་	ADV
འབྲིང་	འབྲིང་	NOUN
ཐ་	ཐ་	NOUN
གསུམ་	གསུམ་	NUM
དང་	དང་	NO_POS
འཚམ་པ་	འཚམ་པ་	VERB
ར་	ལ་	PART
དོན་	དོན་	NOUN
བདུན་ཅུ་	བདུན་ཅུ་	NO_POS
དང་	དང་	NO_POS
༑		PUNCT
མངོན་པ་	མངོན་པ་	OTHER
རྟོགས་པ་	རྟོགས་པ་	VERB
བརྒྱད་	བརྒྱད་	NUM
དང་	དང་	NO_POS
།		PUNCT
མཁྱེན་པ་	མཁྱེན་པ་	VERB
གསུམ་	གསུམ་	NUM
གྱི་	གི་	PART
སྒོ་	སྒོ་	NOUN
ན་	ནས་	PART
བསྟན་བཅོས་	བསྟན་བཅོས་	NOUN
ཀྱི་	གི་	PART
གཞུང་དོན་	གཞུང་དོན་	NOUN
སྤྱི་		
འགྲེལ་པ་	འགྲེལ་པ་	NOUN
དང་	དང་	NO_POS
།		PUNCT
ཉམས་ལེན་	ཉམས་ལེན་	NOUN
གྱི་	གི་	PART
གནས་	གནས་	NOUN
རྣམས་	རྣམས་	DET
ཟུར་	ཟུར་	NOUN
དུ་	ལ་	PART
བཀོལ་	བཀོལ་	NO_POS
ན་	ནས་	PART
འཆད་པ་	འཆད་པ་	VERB
སོགས་	སོགས་	DET
ལེགས་བཤད་	ལེགས་བཤད་	NOUN
དུ་	ལ་	PART
སྣང་བ་	སྣང་བ་	VERB
ས་	གིས་	PART
།		PUNCT
ངེད་	ངེད་	PRON
དཔེ་	དཔེ་	NOUN
ཚོགས་	ཚོགས་	NOUN
ཀྱིས་	གིས་	PART
དེབ་	དེབ་	NOUN
དང་པོ་	དང་པོ་	ADJ
ར་པ་	ར་པ་	PART
ར་	ལ་	PART
བསྐྲུན་	བསྐྲུན་	NO_POS
བྱས་པ་	བྱས་པ་	VERB
ཡིན་	ཡིན་	NO_POS
།		PUNCT
དམ་པ་	དམ་པ་	VERB
གང་	གང་	NO_POS
གི་	གི་	PART
ལྟ་བ་	ལྟ་བ་	VERB
འི་	གི་	PART
ཁྱེ་	ཁྱེ་	VERB
སོ་	གོ་	PART
རྗེ་	རྗེ་	NO_POS
ཙོང་	ཙོང་	OTHER
ཁ་པ་	ཁ་པ་	OTHER
དང་	དང་	NO_POS
མཐུན་	མཐུན་	VERB
མི་	མི་	PART
མཐུན་	མཐུན་	VERB
དང་	དང་	NO_POS
།		PUNCT
མཁས་གྲུབ་	མཁས་གྲུབ་	NOUN
རྗེས་	རྗེས་	NOUN
དམ་པ་	དམ་པ་	VERB
འདི་	འདི་	DET
འི་	གི་	PART
གསུང་	གསུང་	VERB
གི་	གི་	PART
འཕྲིན་ལས་	འཕྲིན་ལས་	NOUN
རྒྱ་	རྒྱ་	VERB
སུ་	ལ་	PART
མི་	མི་	PART
འཇུག་	འཇུག་	VERB
ཆེད་	ཆེད་	NOUN
དམ་ཅན་	དམ་ཅན་	NOUN
ཆོས་རྒྱལ་	ཆོས་རྒྱལ་	NOUN
ལ་	ལ་	PART
གཉེར་	གཉེར་	VERB
གཏད་	གཏད་	VERB
ཀྱི་	གི་	PART
དགག་	དགག་	VERB
དགོས་	དགོས་	VERB
ཅི་རིགས་	ཅི་རིགས་	OTHER
ཡོད་	ཡོད་	VERB
སྲིད་པ་	སྲིད་པ་	VERB
ར་	ལ་	PART
མནོ་བསམ་	མནོ་བསམ་	OTHER
གྱི་	གི་	PART
ངལ་བ་	ངལ་བ་	VERB
ཡེ་	ཡེ་	ADV
མ་	མ་	PART
བྱས་པ་	བྱས་པ་	VERB
ར་	ལ་	PART
།		PUNCT
མི་རིགས་	མི་རིགས་	NOUN
ཀྱི་	གི་	PART
རིག་གནས་	རིག་གནས་	NOUN
ཉམས་པ་	ཉམས་པ་	VERB
སོར་ཆུད་	སོར་ཆུད་	NO_POS
དང་	དང་	NO_POS
མི་	མི་	PART
ཉམས་	ཉམས་	NOUN
གོང་འཕེལ་	གོང་འཕེལ་	OTHER
གྱི་	གི་	PART
བློ་དཀར་	བློ་དཀར་	OTHER
ལྷག་བསམ་	ལྷག་བསམ་	NOUN
འབའ་ཞིག་	འབའ་ཞིག་	NO_POS
གིས་	གིས་	PART
ཀུན་	ཀུན་	DET
ན་	ནས་	PART
བསླངས་	བསླངས་	NO_POS
ཏེ་	སྟེ་	PART
།		PUNCT
གང་ས་	གང་ས་	NO_POS
ར་	ལ་	PART
མ་དཔེ་	མ་དཔེ་	OTHER
བཙལ་	བཙལ་	NO_POS
འཚོལ་	འཚོལ་	VERB
གྱི་	གི་	PART
ངལ་བ་	ངལ་བ་	VERB
མང་	མང་	VERB
དུ་	ལ་	PART
བརྟེན་	བརྟེན་	VERB
མཐ་	མཐའ་	NOUN
ར་	ལ་	PART
གསུང་	གསུང་	VERB
གི་	གི་	PART
ལྷག་མ་	ལྷག་མ་	NOUN
ར་	ལ་	PART
གྱུར་པ་	གྱུར་པ་	VERB
གོང་	གོང་	NOUN
ཞུ་	ཞུ་	VERB
ཀྱི་	གི་	PART
གསུང་	གསུང་	VERB
འདི་	འདི་	DET
རྣམས་པ་	རྣམས་པ་	DET
ར་	ལ་	PART
བསྐྲུན་	བསྐྲུན་	NO_POS
ཞུ་	ཞུ་	VERB
ཐུབ་ཙམ་	ཐུབ་ཙམ་	NO_POS
བྱུང་བ་	བྱུང་བ་	VERB
ཡང་	ཀྱང་	PART
སྐལ་བཟང་	སྐལ་བཟང་	OTHER
གི་	གི་	PART
བགོ་སྐལ་	བགོ་སྐལ་	NO_POS
ཞིག་	ཅིག་	PART
ཏུ་	ལ་	PART
རློམ་	རློམ་	NO_POS
།		PUNCT
འོན་ཀྱང་	འོན་ཀྱང་	NO_POS
དགའ་སྣང་	དགའ་སྣང་	NO_POS
གི་	གི་	PART
ཁྲོད་	ཁྲོད་	NOUN
དུ་	ལ་	PART
བློ་	བློ་	NOUN
ཕམ་	ཕམ་	NO_POS
དགོས་པ་	དགོས་པ་	VERB
ཞིག་	ཅིག་	PART
ནི་	ནི་	NO_POS
དམ་པ་	དམ་པ་	VERB
གང་	གང་	NO_POS
གི་	གི་	PART
གསུང་འབུམ་	གསུང་འབུམ་	NOUN
གྲ་	གྲ་	OTHER
སྟོང་ཐུན་	སྟོང་ཐུན་	OTHER
རྒྱས་པ་	རྒྱས་པ་	VERB
དང་	དང་	NO_POS
།		PUNCT
དབུ་མ་	དབུ་མ་	PROPN
རྒྱན་	རྒྱན་	NOUN
གྱི་	གི་	PART
འགྲེལ་པ་	འགྲེལ་པ་	NOUN
།		PUNCT
མདོ་སྡེ་	མདོ་སྡེ་	NOUN
རྒྱན་	རྒྱན་	NOUN
གྱི་	གི་	PART
འགྲེལ་པ་	འགྲེལ་པ་	NOUN
།		PUNCT
དབུ་	དབུ་	NOUN
མཐའ་	མཐའ་	NOUN
རྣམ་འབྱེད་	རྣམ་འབྱེད་	NOUN
ཀྱི་	གི་	PART
འགྲེལ་པ་	འགྲེལ་པ་	NOUN
།		PUNCT
ཆོས་ཉིད་	ཆོས་ཉིད་	NOUN
རྣམ་འབྱེད་	རྣམ་འབྱེད་	NOUN
ཀྱི་	གི་	PART
འགྲེལ་པ་	འགྲེལ་པ་	NOUN
།		PUNCT
ཚད་མ་	ཚད་མ་	NOUN
འི་	གི་	PART
བསྟན་བཅོས་	བསྟན་བཅོས་	NOUN
མཁས་པ་	མཁས་པ་	VERB
དགའ་	དགའ་	VERB
བསྐྱེད་	བསྐྱེད་	VERB
།		PUNCT
དབུ་མ་	དབུ་མ་	PROPN
འི་	གི་	PART
ལྟ་	ལྟ་	NOUN
ཁྲིད་	ཁྲིད་	VERB
།		PUNCT
མཛོད་	མཛོད་	NOUN
འདུལ་	འདུལ་	NO_POS
སོགས་	སོགས་	DET
ཀྱི་	གི་	PART
མཚན་བྱང་	མཚན་བྱང་	NOUN
ཙམ་	ཙམ་	DET
ལས་མ་	ལས་མ་	NO_POS
དཔེ་	དཔེ་	NOUN
བཙལ་	བཙལ་	NO_POS
རྙེད་	རྙེད་	VERB
ཐུབ་	ཐུབ་	VERB
མེད་	མེད་	VERB
།		PUNCT
གོང་གསལ་པ་	གོང་གསལ་པ་	NO_POS
ར་	ལ་	PART
བསྐྲུན་	བསྐྲུན་	NO_POS
ཞུས་པ་	ཞུས་པ་	VERB
འི་	གི་	PART
དབུ་མ་	དབུ་མ་	PROPN
འཇུག་པ་	འཇུག་པ་	VERB
འི་	གི་	PART
འགྲེལ་པ་	འགྲེལ་པ་	NOUN
འདི་	འདི་	DET
འི་	གི་	PART
མ་དཔེ་	མ་དཔེ་	OTHER
ཤིང་པར་	ཤིང་པར་	OTHER
ཡིན་	ཡིན་	NO_POS
འདུག་	འདུག་	VERB
རུང་	རུང་	SCONJ
མ་དཔེ་	མ་དཔེ་	OTHER
འི་	གི་	PART
ཡིག་ཚོགས་	ཡིག་ཚོགས་	NO_POS
ནག་ནོག་	ནག་ནོག་	NO_POS
ཆེ་	ཆེ་	VERB
ཞིང་	ཅིང་	PART
ཤོག་གྲངས་	ཤོག་གྲངས་	NO_POS
ལྔ་པ་	ལྔ་པ་	NUM
དང་	དང་	NO_POS
དྲུག་པ་	དྲུག་པ་	NUM
གཉིས་	གཉིས་	NUM
ནང་	ནང་	NOUN
དུམ་བུ་	དུམ་བུ་	NOUN
འགའ་ཞིག་	འགའ་ཞིག་	OTHER
སྣག་	སྣག་	NOUN
རྫོབ་	རྫོབ་	NO_POS
ཏུ་	ལ་	PART
གྱུར་	གྱུར་	VERB
ཏེ་	སྟེ་	PART
ཡིག་	ཡིག་	NOUN
ངོ་ཆོད་	ངོ་ཆོད་	NO_POS
ཐབས་བྲལ་	ཐབས་བྲལ་	NO_POS
ཤི་	ཤི་	VERB
ས་	གིས་	PART
རྗེ་	རྗེ་	NO_POS
ཙོང་	ཙོང་	OTHER
ཁ་པ་	ཁ་པ་	OTHER
འི་	གི་	PART
འཇུག་	འཇུག་	VERB
འགྲེལ་	འགྲེལ་	NOUN
དགོངས་པ་	དགོངས་པ་	VERB
རབ་གསལ་	རབ་གསལ་	PROPN
དང་	དང་	NO_POS
།		PUNCT
རྒྱལ་བ་	རྒྱལ་བ་	NOUN
དགེ་འདུན་	དགེ་འདུན་	NOUN
གྲུབ་པ་	གྲུབ་པ་	VERB
འི་	གི་	PART
འཇུག་	འཇུག་	VERB
འགྲེལ་	འགྲེལ་	NOUN
གསལ་བ་	གསལ་བ་	VERB
འི་	གི་	PART
མེ་ལོང་	མེ་ལོང་	NOUN
།		PUNCT
དེ་བཞིན་	དེ་བཞིན་	OTHER
རྒྱལ་བ་	རྒྱལ་བ་	NOUN
དགེ་འདུན་	དགེ་འདུན་	NOUN
རྒྱ་མཚོ་	རྒྱ་མཚོ་	NOUN
འི་	གི་	PART
འཇུག་	འཇུག་	VERB
འགྲེལ་	འགྲེལ་	NOUN
གསལ་བ་	གསལ་བ་	VERB
འི་	གི་	PART
རྒྱན་	རྒྱན་	NOUN
གསུམ་	གསུམ་	NUM
དང་	དང་	NO_POS
བསྟུན་	བསྟུན་	NO_POS
ན་	ནས་	PART
ཁ་	ཁ་	PRON
བསྐང་བ་	བསྐང་བ་	VERB
འི་	གི་	PART
རིགས་	རིགས་	NOUN
རྟགས་	རྟགས་	NOUN
		
འདི་	འདི་	DET
འི་	གི་	PART
ནང་	ནང་	NOUN
བཅུག་	བཅུག་	VERB
ཡོད་	ཡོད་	VERB
།		PUNCT
རྣལ་འབྱོར་	རྣལ་འབྱོར་	NOUN
སྤྱོད་པ་	སྤྱོད་པ་	VERB
བཞི་བརྒྱ་པ་	བཞི་བརྒྱ་པ་	PROPN
འི་	གི་	PART
འགྲེལ་པ་	འགྲེལ་པ་	NOUN
འདི་	འདི་	DET
འི་	གི་	PART
མ་དཔེ་	མ་དཔེ་	OTHER
ལག་བྲིས་	ལག་བྲིས་	OTHER
ཡིན་པ་	ཡིན་པ་	AUX
མ་ཟད་	མ་ཟད་	NO_POS
སྐུང་	སྐུང་	NO_POS
ཡིག་	ཡིག་	NOUN
མང་བ་	མང་བ་	VERB
འི་	གི་	PART
ཁ་	ཁ་	PRON
ར་	ལ་	PART
ནག་ནོག་	ནག་ནོག་	NO_POS
ཆེ་བ་	ཆེ་བ་	VERB
ར་	ལ་	PART
བརྟེན་	བརྟེན་	VERB
མི་	མི་	PART
གསལ་བ་	གསལ་བ་	VERB
འི་	གི་	PART
རིགས་	རིགས་	NOUN
རྣམས་	རྣམས་	DET
དཔལ་ལྡན་	དཔལ་ལྡན་	ADJ
ཟླ་བ་	ཟླ་བ་	NOUN
འི་	གི་	PART
བཞི་བརྒྱ་པ་	བཞི་བརྒྱ་པ་	PROPN
འི་	གི་	PART
འགྲེལ་པ་	འགྲེལ་པ་	NOUN
དང་	དང་	NO_POS
།		PUNCT
རྗེ་བཙུན་	རྗེ་བཙུན་	NOUN
རེ་	རེ་	DET
འདའ་བ་	འདའ་བ་	VERB
ཆེན་པོ་	ཆེན་པོ་	ADJ
འི་	གི་	PART
འགྲེལ་བཤད་	འགྲེལ་བཤད་	NOUN
ཚིག་དོན་	ཚིག་དོན་	NOUN
གསལ་བ་	གསལ་བ་	VERB
དང་	དང་	NO_POS
།		PUNCT
རྒྱལ་ཚབ་	རྒྱལ་ཚབ་	NOUN
ཆོས་རྗེ་	ཆོས་རྗེ་	NOUN
འི་	གི་	PART
བཞི་བརྒྱ་པ་	བཞི་བརྒྱ་པ་	PROPN
འི་	གི་	PART
ད་	ད་	NOUN
ཊཱིཀ་		NON_WORD
བཅའ་	བཅའ་	VERB
སུ་	ལ་	PART
གསལ་བ་	གསལ་བ་	VERB
རྣམས་	རྣམས་	DET
ཀྱིས་	གིས་	PART
ཁ་	ཁ་	PRON
བསྐངས་པ་	བསྐངས་པ་	NO_POS
ཡིན་	ཡིན་	NO_POS
།		PUNCT
རབ་བྱེད་	རབ་བྱེད་	OTHER
དྲུག་པ་	དྲུག་པ་	NUM
དང་	དང་	NO_POS
བདུན་པ་	བདུན་པ་	NUM
གཉིས་	གཉིས་	NUM
གོ་རིམ་	གོ་རིམ་	NOUN
ལྡོག་	ལྡོག་	VERB
སྟེ་	སྟེ་	PART
བཀོད་པ་	བཀོད་པ་	VERB
ནི་	ནི་	NO_POS
ཡིག་མཁན་	ཡིག་མཁན་	NOUN
གྱི་	གི་	PART
ཐུགས་	ཐུགས་	NOUN
མཉམ་པ་	མཉམ་པ་	VERB
ར་	ལ་	PART
མ་	མ་	PART
བཞག་པ་	བཞག་པ་	VERB
འི་	གི་	PART
དབང་	དབང་	NOUN
གིས་	གིས་	PART
ཡིན་པ་	ཡིན་པ་	AUX
ལ་	ལ་	ADP
ས་	གིས་	PART
དེ་མིན་	དེ་མིན་	OTHER
དགོས་པ་	དགོས་པ་	VERB
ལྷག་པོ་	ལྷག་པོ་	NOUN
གང་ཡང་	གང་ཡང་	NO_POS
མེད་པ་	མེད་པ་	VERB
མ་ཟད་	མ་ཟད་	NO_POS
གཞུང་དངོས་	གཞུང་དངོས་	OTHER
ཀྱི་	གི་	PART
ས་བཅད་	ས་བཅད་	NOUN
དང་	དང་	NO_POS
མི་མཐུན་པ་	མི་མཐུན་པ་	NO_POS
ས་	གིས་	PART
བཟོ་བཅོས་	བཟོ་བཅོས་	NO_POS
མི་	མི་	PART
བྱེད་ཐབས་	བྱེད་ཐབས་	OTHER
མེད་	མེད་	VERB
རེད་	རེད་	VERB
འདུག་པ་	འདུག་པ་	VERB
ས་	གིས་	PART
བཟོད་པ་	བཟོད་པ་	VERB
ར་	ལ་	PART
གསོལ་	གསོལ་	VERB
།		PUNCT
ཤེར་ཕྱིན་	ཤེར་ཕྱིན་	PROPN
མཁས་པ་	མཁས་པ་	VERB
འི་	གི་	PART
ཡིད་འཕྲོག་	ཡིད་འཕྲོག་	ADJ
འདི་	འདི་	DET
ཡང་	ཀྱང་	PART
མ་དཔེ་	མ་དཔེ་	OTHER
བྲིས་རྙིང་	བྲིས་རྙིང་	NO_POS
སྐུང་	སྐུང་	NO_POS
ཡིག་	ཡིག་	NOUN
མང་	མང་	VERB
ཞིང་	ཅིང་	PART
ཡིག་འབྲུ་	ཡིག་འབྲུ་	NOUN
མི་	མི་	PART
གསལ་བ་	གསལ་བ་	VERB
ཞིག་	ཅིག་	PART
འདུག་	འདུག་	VERB
རུང་	རུང་	SCONJ
ཤེར་ཕྱིན་	ཤེར་ཕྱིན་	PROPN
གྱི་	གི་	PART
སྤྱི་ཁོག་	སྤྱི་ཁོག་	OTHER
ཆ་	ཆ་	NOUN
ཚང་	ཚང་	VERB
ལ་	ལ་	PART
ཚིག་	ཚིག་	NOUN
ཉུང་	ཉུང་	VERB
ཞིང་	ཅིང་	PART
དོན་བསྡུས་པ་	དོན་བསྡུས་པ་	NOUN
འི་	གི་	PART
རྒྱན་	རྒྱན་	NOUN
འགྲེལ་	འགྲེལ་	NOUN
གཞན་	གཞན་	DET
ལ་	ལ་	ADP
ས་	གིས་	PART
ཁྱད་	ཁྱད་	NOUN
དུ་	ལ་	PART
ཞུགས་པ་	ཞུགས་པ་	VERB
ཞིག་	ཅིག་	PART
ཏུ་	ལ་	PART
སྣང་	སྣང་	VERB
༑		PUNCT
སྐུང་	སྐུང་	NO_POS
ཡིག་	ཡིག་	NOUN
དང་	དང་	NO_POS
ཡིག་འབྲུ་	ཡིག་འབྲུ་	NOUN
མི་	མི་	PART
གསལ་བ་	གསལ་བ་	VERB
འི་	གི་	PART
རིགས་	རིགས་	NOUN
རྣམས་	རྣམས་	DET
རྒྱན་	རྒྱན་	NOUN
འགྲེལ་	འགྲེལ་	NOUN
གཞན་	གཞན་	DET
དང་	དང་	NO_POS
བསྟུན་	བསྟུན་	NO_POS
ན་	ནས་	PART
བཀྲལ་བ་	བཀྲལ་བ་	VERB
ཙམ་	ཙམ་	DET
ལས་མ་	ལས་མ་	NO_POS
དཔེ་	དཔེ་	NOUN
སོར་བཞག་	སོར་བཞག་	NO_POS
ཡིན་	ཡིན་	NO_POS
ཞིང་	ཅིང་	PART
དེ་	དེ་	DET
འི་	གི་	PART
ཐད་	ཐད་	NOUN
དོན་གཉེར་	དོན་གཉེར་	NOUN
ཅན་	ཅན་	PART
རྣམས་	རྣམས་	DET
ཀྱི་	གི་	PART
ཐུགས་	ཐུགས་	NOUN
དོགས་	དོགས་	NO_POS
མི་	མི་	PART
དགོས་	དགོས་	VERB
།		PUNCT
མ་དཔེ་	མ་དཔེ་	OTHER
དང་	དང་	NO_POS
དཔེ་	དཔེ་	NOUN
བསྡུ་	བསྡུ་	VERB
ར་	ལ་	PART
ཞུ་	ཞུ་	VERB
བདེ་	བདེ་	VERB
འི་	གི་	PART
ཆེད་	ཆེད་	NOUN
མ་དཔེ་	མ་དཔེ་	OTHER
འི་	གི་	PART
ཤོག་གྲངས་	ཤོག་གྲངས་	NO_POS
དང་	དང་	NO_POS
རྒྱབ་མདུན་	རྒྱབ་མདུན་	NO_POS
སོ་སོ་	སོ་སོ་	PRON
འི་	གི་	PART
ཨང་རྟགས་	ཨང་རྟགས་	NO_POS
གསལ་པོ་	གསལ་པོ་	ADJ
ར་	ལ་	PART
བཀོད་	བཀོད་	VERB
ཡོད་པ་	ཡོད་པ་	VERB
བཅའ་	བཅའ་	VERB
ཀྱི་	གི་	PART
ཐོག་མ་	ཐོག་མ་	NOUN
དཔེ་	དཔེ་	NOUN
དང་	དང་	NO_POS
བསྡུ་	བསྡུ་	VERB
ར་	ལ་	PART
ཏེ་	སྟེ་	PART
ཞུས་དག་	ཞུས་དག་	NOUN
ཐེངས་	ཐེངས་	NOUN
གསུམ་	གསུམ་	NUM
ཙམ་	ཙམ་	DET
བྱ་	བྱ་	VERB
ན་	ནས་	PART
སྤྱི་		
ན་	ལ་	PART
ཚིག་དོན་	ཚིག་དོན་	NOUN
གཉིས་	གཉིས་	NUM
ཐད་	ཐད་	NOUN
ན་	ནས་	PART
ཞུས་དག་	ཞུས་དག་	NOUN
ཕེར་	ཕེར་	NO_POS
ངེས་	ངེས་	VERB
སུ་	ལ་	PART
རློམ་	རློམ་	NO_POS
ཡང་	ཀྱང་	PART
ནོངས་པ་	ནོངས་པ་	VERB
འི་	གི་	PART
ཚོགས་མི་	ཚོགས་མི་	NO_POS
ཉུང་བ་	ཉུང་བ་	VERB
ཞིག་	ཅིག་	PART
ཡོད་	ཡོད་	VERB
ངེས་པ་	ངེས་པ་	VERB
ས་	གིས་	PART
མཁྱེན་ལྡན་	མཁྱེན་ལྡན་	NO_POS
རྣམས་པ་	རྣམས་པ་	DET
ས་	གིས་	PART
དགོངས་འཆར་	དགོངས་འཆར་	NO_POS
ལྷུག་པ་	ལྷུག་པ་	NO_POS
ར་	ལ་	PART
སྩོལ་བ་	སྩོལ་བ་	VERB
འི་	གི་	PART
འདུན་པ་	འདུན་པ་	PROPN
དང་	དང་	NO_POS
བཅའ་	བཅའ་	VERB
སོ་	གོ་	PART
།། །།		PUNCT
དཔལ་	དཔལ་	OTHER
བརྩེགས་	བརྩེགས་	NO_POS
བོད་ཡིག་	བོད་ཡིག་	NOUN
དཔེ་	དཔེ་	NOUN
རྙིང་	རྙིང་	NO_POS
ཞིབ་འཇུག་	ཞིབ་འཇུག་	NOUN
ཁང་	ཁང་	NOUN
ན་	ནས་	PART
གྲྭ་	གྲྭ་	NOUN
བློ་བཟང་	བློ་བཟང་	PROPN
སྟོབས་	སྟོབས་	NOUN
བཅུ་	བཅུ་	NUM
ས་	གིས་	PART
བཀོད་	བཀོད་	VERB
།		PUNCT
མེས་པོ་	མེས་པོ་	NOUN
འི་	གི་	PART
ཤུལ་	ཤུལ་	NOUN
བཞག་	བཞག་	VERB
ལ་	ལ་	ADP
ས་	གིས་	PART
།		PUNCT
རྒྱལ་མཚན་	རྒྱལ་མཚན་	NOUN
བཟང་པོ་	བཟང་པོ་	ADJ
འི་	གི་	PART
གསུང་ཆོས་	གསུང་ཆོས་	OTHER
ཀྱི་	གི་	PART
སྐོར་	སྐོར་	NOUN
།		PUNCT
བསྡུ་	བསྡུ་	VERB
སྒྲིག་	སྒྲིག་	VERB
གསལ་	གསལ་	VERB
བཤ་		NON_WORD
།		PUNCT
		
